<?xml version="1.0" encoding="UTF-8"?>
<project-private xmlns="http://www.netbeans.org/ns/project-private/1">
    <editor-bookmarks xmlns="http://www.netbeans.org/ns/editor-bookmarks/2" lastBookmarkId="0"/>
    <open-files xmlns="http://www.netbeans.org/ns/projectui-open-files/2">
        <group name="PRJ">
            <file>file:/C:/Users/Admin/Documents/GitHub/PRJ301-Assignment1/PRJ-Assignment/web/WEB-INF/web.xml</file>
            <file>file:/C:/Users/Admin/Documents/GitHub/PRJ301-Assignment1/PRJ-Assignment/web/view/master/shortprofile.jsp</file>
            <file>file:/C:/Users/Admin/Documents/GitHub/PRJ301-Assignment1/PRJ-Assignment/src/java/dal/EmployeeDBContext.java</file>
            <file>file:/C:/Users/Admin/Documents/GitHub/PRJ301-Assignment1/PRJ-Assignment/src/java/controller/auth/LogoutController.java</file>
            <file>file:/C:/Users/Admin/Documents/GitHub/PRJ301-Assignment1/PRJ-Assignment/src/java/dal/DBContext.java</file>
            <file>file:/C:/Users/Admin/Documents/GitHub/PRJ301-Assignment1/PRJ-Assignment/src/java/controller/auth/LoginController.java</file>
            <file>file:/C:/Users/Admin/Documents/GitHub/PRJ301-Assignment1/PRJ-Assignment/src/java/controller/employee/EmployeeListController.java</file>
            <file>file:/C:/Users/Admin/Documents/GitHub/PRJ301-Assignment1/PRJ-Assignment/web/view/employee/list.jsp</file>
            <file>file:/C:/Users/Admin/Documents/GitHub/PRJ301-Assignment1/PRJ-Assignment/src/java/controller/auth/BaseRequiredAuthenticationController.java</file>
            <file>file:/C:/Users/Admin/Documents/GitHub/PRJ301-Assignment1/PRJ-Assignment/src/java/model/Employee.java</file>
            <file>file:/C:/Users/Admin/Documents/GitHub/PRJ301-Assignment1/PRJ-Assignment/src/java/dal/UserDBContext.java</file>
            <file>file:/C:/Users/Admin/Documents/GitHub/PRJ301-Assignment1/PRJ-Assignment/src/java/controller/auth/BaseRBACController.java</file>
        </group>
    </open-files>
</project-private>
